"game_id","league","period","event_num","clock","description","locX","locY","opt1","opt2","event_action_type","event_type","team_id","offense_team_id","player1_id","player2_id","player3_id","home_score","away_score","order"
"0042100405","NBA",1,2,"12:00","Start Period",0,-80,0,0,0,12,0,0,0,NA,NA,0,0,20000
"0042100405","NBA",1,4,"11:58","Jump Ball Green vs Williams III (Porter Jr. gains possession)",0,-80,0,0,0,10,1610612744,1610612744,203110,203490,1629057,0,0,60000
"0042100405","NBA",1,7,"11:42","[GSW 2-0] Porter Jr. Cutting Layup Shot: Made (2 PTS) Assist: Green (1 AST)",42,25,2,0,98,1,1610612744,1610612744,203490,203110,NA,2,0,70000
"0042100405","NBA",1,9,"11:27","[BOS] Tatum Turnover : Out of Bounds - Bad Pass Turnover (1 TO)",-100,114,0,0,45,5,1610612738,1610612738,1628369,NA,NA,2,0,90000
"0042100405","NBA",1,10,"11:10","[GSW] Green 3pt Shot: Missed",-235,0,3,0,1,2,1610612744,1610612744,203110,NA,NA,2,0,100000
"0042100405","NBA",1,11,"11:07","[BOS] Horford Rebound (Off:0 Def:1)",-235,0,0,0,0,4,1610612738,1610612744,201143,NA,NA,2,0,110000
"0042100405","NBA",1,12,"10:49","[BOS 2-2] Brown Fadeaway Jump Shot: Made (2 PTS)",-2,122,2,0,63,1,1610612738,1610612738,1627759,NA,NA,2,2,120000
"0042100405","NBA",1,13,"10:33","[GSW 4-2] Wiggins Jump Bank Shot: Made (2 PTS) Assist: Thompson (1 AST)",64,6,2,0,66,1,1610612744,1610612744,203952,202691,NA,4,2,130000
"0042100405","NBA",1,15,"10:19","[GSW] Green Foul: Personal (1 PF) (T Brothers)",-148,271,0,0,1,6,1610612744,1610612738,203110,NA,1627759,4,2,150000
"0042100405","NBA",1,17,"10:10","[BOS] Smart Driving Layup Shot: Missed",32,36,2,0,6,2,1610612738,1610612738,203935,NA,NA,4,2,170000
"0042100405","NBA",1,18,"10:09","[BOS] Williams III Rebound (Off:1 Def:0)",32,36,1,0,0,4,1610612738,1610612738,1629057,NA,NA,4,2,180000
"0042100405","NBA",1,32,"10:08","[BOS] Williams III Tip Layup Shot: Missed",-34,14,2,0,97,2,1610612738,1610612738,1629057,NA,NA,4,2,185000
"0042100405","NBA",1,33,"10:07","[GSW] Green Rebound (Off:0 Def:1)",-34,14,0,0,0,4,1610612744,1610612738,203110,NA,NA,4,2,187500
"0042100405","NBA",1,19,"10:01","[GSW 6-2] Curry Running Finger Roll Layup Shot: Made (2 PTS) Assist: Green (2 AST)",-40,28,2,1,76,1,1610612744,1610612744,201939,203110,NA,6,2,190000
"0042100405","NBA",1,21,"09:44","[BOS 4-6] Williams III Alley Oop Layup shot: Made (2 PTS) Assist: Brown (1 AST)",-4,38,2,0,43,1,1610612738,1610612738,1629057,1627759,NA,6,4,210000
"0042100405","NBA",1,23,"09:31","[GSW 8-4] Green Cutting Layup Shot: Made (2 PTS) Assist: Curry (1 AST)",-44,14,2,0,98,1,1610612744,1610612744,203110,201939,NA,8,4,230000
"0042100405","NBA",1,25,"09:22","[BOS] Brown Turnover : Lost Ball (1 TO) Steal:Wiggins (1 ST)",152,225,1,0,2,5,1610612738,1610612738,1627759,NA,203952,8,4,250000
"0042100405","NBA",1,27,"09:22","[BOS] Tatum Foul: Personal Take (1 PF) (M Davis)",-77,424,0,0,28,6,1610612738,1610612744,1628369,NA,203952,8,4,270000
"0042100405","NBA",1,29,"09:09","[GSW 10-4] Wiggins Step Back Jump shot: Made (4 PTS)",105,105,2,0,80,1,1610612744,1610612744,203952,NA,NA,10,4,290000
"0042100405","NBA",1,31,"09:01","Stoppage: Out-of-Bounds",0,-80,0,0,3,20,0,1610612738,0,NA,NA,10,4,310000
"0042100405","NBA",1,34,"08:45","[BOS] Brown 3pt Shot: Missed",-203,176,3,0,1,2,1610612738,1610612738,1627759,NA,NA,10,4,320000
"0042100405","NBA",1,35,"08:43","[GSW] Porter Jr. Rebound (Off:0 Def:1)",-203,176,0,0,0,4,1610612744,1610612738,203490,NA,NA,10,4,330000
"0042100405","NBA",1,36,"08:22","[GSW] Wiggins 3pt Shot: Missed",216,155,3,0,1,2,1610612744,1610612744,203952,NA,NA,10,4,340000
"0042100405","NBA",1,37,"08:19","[BOS] Brown Rebound (Off:0 Def:1)",216,155,0,0,0,4,1610612738,1610612744,1627759,NA,NA,10,4,350000
"0042100405","NBA",1,38,"08:13","[BOS] Brown Driving Layup Shot: Missed",-60,43,2,0,6,2,1610612738,1610612738,1627759,NA,NA,10,4,360000
"0042100405","NBA",1,39,"08:11","[GSW] Curry Rebound (Off:0 Def:1)",-60,43,0,0,0,4,1610612744,1610612738,201939,NA,NA,10,4,370000
"0042100405","NBA",1,40,"07:59","[GSW] Thompson 3pt Shot: Missed",-180,172,3,0,1,2,1610612744,1610612744,202691,NA,NA,10,4,380000
"0042100405","NBA",1,41,"07:56","[BOS] Brown Rebound (Off:0 Def:2)",-180,172,0,0,0,4,1610612738,1610612744,1627759,NA,NA,10,4,390000
"0042100405","NBA",1,42,"07:41","[BOS] Brown Turnaround Jump Shot: Missed",-12,114,2,0,47,2,1610612738,1610612738,1627759,NA,203952,10,4,400000
"0042100405","NBA",1,44,"07:39","[GSW] Thompson Rebound (Off:0 Def:1)",-12,114,0,0,0,4,1610612744,1610612738,202691,NA,NA,10,4,420000
"0042100405","NBA",1,45,"07:28","[GSW 12-4] Green Driving Dunk Shot: Made (4 PTS)",10,9,2,0,9,1,1610612744,1610612744,203110,NA,NA,12,4,430000
"0042100405","NBA",1,46,"07:28","[BOS] Team Timeout : Regular",0,-80,0,0,1,9,1610612738,1610612738,1610612738,NA,NA,12,4,440000
"0042100405","NBA",1,48,"07:28","[GSW] Porter Jr. Substitution replaced by Looney",0,-80,0,0,0,8,1610612744,1610612738,203490,1626172,NA,12,4,450000
"0042100405","NBA",1,49,"07:28","[BOS] Williams III Substitution replaced by White",0,-80,0,0,0,8,1610612738,1610612738,1629057,1628401,NA,12,4,460000
"0042100405","NBA",1,52,"07:04","[BOS] Horford Driving Floating Bank Jump Shot: Missed",88,62,2,0,102,2,1610612738,1610612738,201143,NA,NA,12,4,490000
"0042100405","NBA",1,53,"07:02","[GSW] Wiggins Rebound (Off:0 Def:1)",88,62,0,0,0,4,1610612744,1610612738,203952,NA,NA,12,4,500000
"0042100405","NBA",1,54,"06:44","[GSW 14-4] Thompson Pullup Jump shot: Made (2 PTS)",130,143,2,0,79,1,1610612744,1610612744,202691,NA,NA,14,4,510000
"0042100405","NBA",1,55,"06:27","[BOS] Horford Driving Layup Shot: Missed",42,29,2,0,6,2,1610612738,1610612738,201143,NA,NA,14,4,520000
"0042100405","NBA",1,56,"06:25","[BOS] Horford Rebound (Off:1 Def:1)",42,29,1,0,0,4,1610612738,1610612738,201143,NA,NA,14,4,530000
"0042100405","NBA",1,57,"06:23","[BOS 6-14] Horford Putback Layup Shot: Made (2 PTS)",0,0,2,0,72,1,1610612738,1610612738,201143,NA,NA,14,6,540000
"0042100405","NBA",1,58,"06:06","[GSW] Looney Foul: Offensive (1 PF)",-116,108,0,0,4,6,1610612744,1610612744,1626172,NA,1628369,14,6,550000
"0042100405","NBA",1,60,"06:06","[GSW] Looney Turnover : Offensive Foul Turnover (1 TO)",-116,108,0,0,37,5,1610612744,1610612744,1626172,NA,NA,14,6,570000
"0042100405","NBA",1,61,"05:52","[BOS] Brown 3pt Shot: Missed",-221,54,3,0,1,2,1610612738,1610612738,1627759,NA,NA,14,6,580000
"0042100405","NBA",1,62,"05:49","[GSW] Wiggins Rebound (Off:0 Def:2)",-221,54,0,0,0,4,1610612744,1610612738,203952,NA,NA,14,6,590000
"0042100405","NBA",1,63,"05:41","[GSW] Wiggins 3pt Shot: Missed",-120,222,3,0,80,2,1610612744,1610612744,203952,NA,NA,14,6,600000
"0042100405","NBA",1,64,"05:39","[BOS] Tatum Rebound (Off:0 Def:1)",-120,222,0,0,0,4,1610612738,1610612744,1628369,NA,NA,14,6,610000
"0042100405","NBA",1,65,"05:26","[BOS] Brown Cutting Layup Shot: Missed",6,78,2,0,98,2,1610612738,1610612738,1627759,NA,NA,14,6,620000
"0042100405","NBA",1,66,"05:24","[GSW] Wiggins Rebound (Off:0 Def:3)",6,78,0,0,0,4,1610612744,1610612738,203952,NA,NA,14,6,630000
"0042100405","NBA",1,67,"05:14","[GSW 17-6] Thompson 3pt Shot: Made (5 PTS) Assist: Wiggins (1 AST)",181,201,3,0,79,1,1610612744,1610612744,202691,203952,NA,17,6,640000
"0042100405","NBA",1,69,"04:54","[GSW] Looney Foul: Personal (2 PF) (T Brothers)",-184,274,0,0,1,6,1610612744,1610612738,1626172,NA,1628369,17,6,660000
"0042100405","NBA",1,71,"04:54","[BOS] Tatum Substitution replaced by Williams",0,-80,0,0,0,8,1610612738,1610612738,1628369,1629684,NA,17,6,680000
"0042100405","NBA",1,73,"04:54","[GSW] Wiggins Substitution replaced by Payton II",0,-80,0,0,0,8,1610612744,1610612738,203952,1627780,NA,17,6,700000
"0042100405","NBA",1,75,"04:48","[BOS 8-17] Brown Driving Layup Shot: Made (4 PTS)",31,56,2,0,6,1,1610612738,1610612738,1627759,NA,NA,17,8,720000
"0042100405","NBA",1,76,"04:48","[GSW] Looney Foul: Shooting (3 PF) (1 FTA) (M Davis)",6,64,0,0,2,6,1610612744,1610612738,1626172,NA,1627759,17,8,730000
"0042100405","NBA",1,78,"04:48","[BOS] Brown Free Throw 1 of 1 Missed",0,-80,2,0,10,3,1610612738,1610612738,1627759,NA,NA,17,8,750000
"0042100405","NBA",1,79,"04:47","[GSW] Green Rebound (Off:0 Def:2)",0,-80,0,0,0,4,1610612744,1610612738,203110,NA,NA,17,8,750001
"0042100405","NBA",1,80,"04:38","[GSW] Thompson 3pt Shot: Missed",195,194,3,0,79,2,1610612744,1610612744,202691,NA,NA,17,8,770000
"0042100405","NBA",1,81,"04:35","[BOS] Horford Rebound (Off:1 Def:2)",195,194,0,0,0,4,1610612738,1610612744,201143,NA,NA,17,8,780000
"0042100405","NBA",1,82,"04:27","[BOS] Smart 3pt Shot: Missed",-188,226,3,0,1,2,1610612738,1610612738,203935,NA,NA,17,8,790000
"0042100405","NBA",1,83,"04:24","[GSW] Curry Rebound (Off:0 Def:2)",-188,226,0,0,0,4,1610612744,1610612738,201939,NA,NA,17,8,800000
"0042100405","NBA",1,84,"04:17","[GSW] Curry Step Back Jump shot: Missed",-56,172,2,0,80,2,1610612744,1610612744,201939,NA,NA,17,8,810000
"0042100405","NBA",1,85,"04:15","[BOS] Williams Rebound (Off:0 Def:1)",-56,172,0,0,0,4,1610612738,1610612744,1629684,NA,NA,17,8,820000
"0042100405","NBA",1,86,"04:03","[BOS] Smart Driving Floating Bank Jump Shot: Missed",56,53,2,0,102,2,1610612738,1610612738,203935,NA,NA,17,8,830000
"0042100405","NBA",1,87,"04:01","[GSW] Payton II Rebound (Off:0 Def:1)",56,53,0,0,0,4,1610612744,1610612738,1627780,NA,NA,17,8,840000
"0042100405","NBA",1,88,"03:50","[GSW] Team Timeout : Regular",0,-80,0,0,1,9,1610612744,1610612744,1610612744,NA,NA,17,8,850000
"0042100405","NBA",1,89,"03:50","[GSW] Looney Substitution replaced by Porter Jr.",0,-80,0,0,0,8,1610612744,1610612744,1626172,203490,NA,17,8,860000
"0042100405","NBA",1,91,"03:39","[GSW 20-8] Payton II 3pt Shot: Made (3 PTS) Assist: Thompson (2 AST)",-232,18,3,0,1,1,1610612744,1610612744,1627780,202691,NA,20,8,880000
"0042100405","NBA",1,93,"03:21","[BOS] Brown Pullup Jump shot: Missed",-138,140,2,0,79,2,1610612738,1610612738,1627759,NA,NA,20,8,900000
"0042100405","NBA",1,94,"03:19","[GSW] Payton II Rebound (Off:0 Def:2)",-138,140,0,0,0,4,1610612744,1610612738,1627780,NA,NA,20,8,910000
"0042100405","NBA",1,95,"03:14","[GSW] Green Turnover : Out of Bounds - Bad Pass Turnover (1 TO)",40,109,0,0,45,5,1610612744,1610612744,203110,NA,NA,20,8,920000
"0042100405","NBA",1,96,"02:58","[BOS] Smart Turnover : Lost Ball (1 TO) Steal:Curry (1 ST)",45,153,1,0,2,5,1610612738,1610612738,203935,NA,201939,20,8,930000
"0042100405","NBA",1,98,"02:55","[BOS] Williams Foul: Shooting (1 PF) (2 FTA) (J Tiven)",-36,15,0,0,2,6,1610612738,1610612744,1629684,NA,1627780,20,8,950000
"0042100405","NBA",1,100,"02:55","[GSW 21-8] Payton II Free Throw 1 of 2 (4 PTS)",0,-80,1,1,11,3,1610612744,1610612744,1627780,NA,NA,21,8,970000
"0042100405","NBA",1,101,"02:55","[GSW 22-8] Payton II Free Throw 2 of 2 (5 PTS)",0,-80,1,1,12,3,1610612744,1610612744,1627780,NA,NA,22,8,980000
"0042100405","NBA",1,102,"02:39","[BOS] White Driving Layup Shot: Missed",49,68,2,0,6,2,1610612738,1610612738,1628401,NA,203490,22,8,990000
"0042100405","NBA",1,104,"02:38","[BOS] Team Rebound",49,68,1,0,0,4,1610612738,1610612738,0,NA,NA,22,8,1010000
"0042100405","NBA",1,105,"02:38","Stoppage: Out-of-Bounds",0,-80,0,0,3,20,0,1610612738,0,NA,NA,22,8,1020000
"0042100405","NBA",1,106,"02:38","[GSW] Green Substitution replaced by Iguodala",0,-80,0,0,0,8,1610612744,1610612738,203110,2738,NA,22,8,1030000
"0042100405","NBA",1,107,"02:38","[GSW] Porter Jr. Substitution replaced by Wiggins",0,-80,0,0,0,8,1610612744,1610612738,203490,203952,NA,22,8,1040000
"0042100405","NBA",1,108,"02:38","[BOS] Brown Substitution replaced by Williams III",0,-80,0,0,0,8,1610612738,1610612738,1627759,1629057,NA,22,8,1050000
"0042100405","NBA",1,109,"02:38","[BOS] Smart Substitution replaced by Tatum",0,-80,0,0,0,8,1610612738,1610612738,203935,1628369,NA,22,8,1060000
"0042100405","NBA",1,110,"02:38","[BOS] Horford Substitution replaced by Pritchard",0,-80,0,0,0,8,1610612738,1610612738,201143,1630202,NA,22,8,1070000
"0042100405","NBA",1,116,"02:38","[GSW] Thompson Substitution replaced by Poole",0,-80,0,0,0,8,1610612744,1610612738,202691,1629673,NA,22,8,1130000
"0042100405","NBA",1,118,"02:37","[BOS] Pritchard Turnover : Step Out of Bounds Turnover (1 TO)",237,90,0,0,39,5,1610612738,1610612738,1630202,NA,NA,22,8,1150000
"0042100405","NBA",1,119,"02:23","[GSW 24-8] Curry Driving Floating Jump Shot: Made (4 PTS)",59,87,2,0,101,1,1610612744,1610612744,201939,NA,NA,24,8,1160000
"0042100405","NBA",1,121,"02:06","[BOS 10-24] Tatum Driving Floating Jump Shot: Made (2 PTS) Assist: White (1 AST)",5,72,2,0,101,1,1610612738,1610612738,1628369,1628401,NA,24,10,1180000
"0042100405","NBA",1,122,"01:59","[GSW] Curry 3pt Shot: Missed",12,299,3,1,79,2,1610612744,1610612744,201939,NA,NA,24,10,1190000
"0042100405","NBA",1,123,"01:57","[BOS] Pritchard Rebound (Off:0 Def:1)",12,299,0,0,0,4,1610612738,1610612744,1630202,NA,NA,24,10,1200000
"0042100405","NBA",1,124,"01:43","[BOS 12-24] Tatum Turnaround Fadeaway shot: Made (4 PTS)",-143,78,2,0,86,1,1610612738,1610612738,1628369,NA,NA,24,12,1210000
"0042100405","NBA",1,126,"01:20","[GSW 26-12] Wiggins Turnaround Fadeaway shot: Made (6 PTS)",34,113,2,0,86,1,1610612744,1610612744,203952,NA,NA,26,12,1230000
"0042100405","NBA",1,127,"01:08","[BOS 14-26] Tatum Cutting Layup Shot: Made (6 PTS) Assist: Williams III (1 AST)",33,50,2,0,98,1,1610612738,1610612738,1628369,1629057,NA,26,14,1240000
"0042100405","NBA",1,129,"00:50.9","[GSW] Curry Driving Finger Roll Layup Shot: Missed",20,23,2,0,75,2,1610612744,1610612744,201939,NA,NA,26,14,1260000
"0042100405","NBA",1,130,"00:47.4","[BOS] Williams Rebound (Off:0 Def:2)",20,23,0,0,0,4,1610612738,1610612744,1629684,NA,NA,26,14,1270000
"0042100405","NBA",1,131,"00:44.2","[BOS] Pritchard 3pt Shot: Missed",-234,-4,3,1,2,2,1610612738,1610612738,1630202,NA,NA,26,14,1280000
"0042100405","NBA",1,132,"00:41.4","[BOS] Williams III Rebound (Off:2 Def:0)",-234,-4,1,0,0,4,1610612738,1610612738,1629057,NA,NA,26,14,1290000
"0042100405","NBA",1,133,"00:41.4","[BOS 16-26] Williams III Putback Layup Shot: Made (4 PTS)",0,0,2,0,72,1,1610612738,1610612738,1629057,NA,NA,26,16,1300000
"0042100405","NBA",1,134,"00:33.6","[GSW] Poole 3pt Shot: Missed",-145,247,3,0,80,2,1610612744,1610612744,1629673,NA,NA,26,16,1310000
"0042100405","NBA",1,135,"00:30.3","[BOS] Team Rebound",-145,247,0,0,0,4,1610612738,1610612744,0,NA,NA,26,16,1320000
"0042100405","NBA",1,136,"00:30.3","Stoppage: Out-of-Bounds",0,-80,0,0,3,20,0,1610612738,0,NA,NA,26,16,1330000
"0042100405","NBA",1,137,"00:12.9","[BOS] Pritchard 3pt Shot: Missed",-173,231,3,0,1,2,1610612738,1610612738,1630202,NA,NA,26,16,1340000
"0042100405","NBA",1,138,"00:10.1","[GSW] Wiggins Rebound (Off:0 Def:4)",-173,231,0,0,0,4,1610612744,1610612738,203952,NA,NA,26,16,1350000
"0042100405","NBA",1,139,"00:01.5","[GSW] Curry Driving Layup Shot: Missed",28,34,2,0,6,2,1610612744,1610612744,201939,NA,NA,26,16,1360000
"0042100405","NBA",1,141,"00:00.5","[GSW] Team Rebound",28,34,1,0,0,4,1610612744,1610612744,0,NA,NA,26,16,1380000
"0042100405","NBA",1,142,"00:00.5","Stoppage: Out-of-Bounds",0,-80,0,0,3,20,0,1610612744,0,NA,NA,26,16,1390000
"0042100405","NBA",1,143,"00:00.5","[GSW] Payton II Substitution replaced by Thompson",0,-80,0,0,0,8,1610612744,1610612744,1627780,202691,NA,26,16,1400000
"0042100405","NBA",1,145,"00:00.2","[BOS] Williams III Foul: Shooting (1 PF) (2 FTA) (J Tiven)",-72,5,0,0,2,6,1610612738,1610612744,1629057,NA,203952,26,16,1420000
"0042100405","NBA",1,147,"00:00.2","[BOS] Udoka Technical (1 FTA) (M Davis)",0,-80,0,0,11,6,1610612738,1610612744,203152,NA,NA,26,16,1432500
"0042100405","NBA",1,148,"00:00.2","[GSW] Curry Free Throw Technical Missed",0,-80,2,0,16,3,1610612744,1610612744,201939,NA,NA,26,16,1433750
"0042100405","NBA",1,149,"00:00.2","[GSW] Team Rebound",0,-80,1,0,1,4,1610612744,1610612744,0,NA,NA,26,16,1433751
"0042100405","NBA",1,150,"00:00.2","[GSW] Wiggins Free Throw 1 of 2 Missed",0,-80,2,0,11,3,1610612744,1610612744,203952,NA,NA,26,16,1435000
"0042100405","NBA",1,151,"00:00.2","[GSW] Team Rebound",0,-80,1,0,1,4,1610612744,1610612744,0,NA,NA,26,16,1435001
"0042100405","NBA",1,154,"00:00.2","[GSW 27-16] Wiggins Free Throw 2 of 2 (7 PTS)",0,-80,1,0,12,3,1610612744,1610612744,203952,NA,NA,27,16,1438750
"0042100405","NBA",1,152,"00:00.2","[GSW] Curry Substitution replaced by Bjelica",0,-80,0,0,0,8,1610612744,1610612738,201939,202357,NA,27,16,1490000
"0042100405","NBA",1,155,"00:00.0","End Period",0,-80,0,0,0,13,0,1610612738,0,NA,NA,27,16,1520000
"0042100405","NBA",2,161,"12:00","Start Period",0,-80,0,0,0,12,0,1610612738,0,NA,NA,27,16,1570000
"0042100405","NBA",2,162,"11:43","[BOS] Pritchard 3pt Shot: Missed",-168,220,3,0,79,2,1610612738,1610612738,1630202,NA,NA,27,16,1580000
"0042100405","NBA",2,163,"11:41","[BOS] Team Rebound",-168,220,1,0,0,4,1610612738,1610612738,0,NA,NA,27,16,1590000
"0042100405","NBA",2,164,"11:41","[GSW] Bjelica Foul: Loose Ball (1 PF) (J Tiven)",-125,11,0,0,3,6,1610612744,1610612738,202357,NA,1629684,27,16,1600000
"0042100405","NBA",2,166,"11:28","[BOS] Brown Driving Layup Shot: Missed",55,50,2,0,6,2,1610612738,1610612738,1627759,NA,NA,27,16,1620000
"0042100405","NBA",2,167,"11:25","[GSW] Green Rebound (Off:0 Def:3)",55,50,0,0,0,4,1610612744,1610612738,203110,NA,NA,27,16,1630000
"0042100405","NBA",2,168,"11:06","[GSW] Wiggins 3pt Shot: Missed",172,202,3,0,1,2,1610612744,1610612744,203952,NA,NA,27,16,1640000
"0042100405","NBA",2,169,"11:04","[BOS] Tatum Rebound (Off:0 Def:2)",172,202,0,0,0,4,1610612738,1610612744,1628369,NA,NA,27,16,1650000
"0042100405","NBA",2,170,"10:50","[BOS] Tatum Driving Layup Shot: Missed",42,37,2,0,6,2,1610612738,1610612738,1628369,NA,NA,27,16,1660000
"0042100405","NBA",2,171,"10:47","[GSW] Bjelica Rebound (Off:0 Def:1)",42,37,0,0,0,4,1610612744,1610612738,202357,NA,NA,27,16,1670000
"0042100405","NBA",2,172,"10:30","[GSW] Green Cutting Layup Shot: Missed",-32,19,2,0,98,2,1610612744,1610612744,203110,NA,1629684,27,16,1680000
"0042100405","NBA",2,174,"10:27","[BOS] Tatum Rebound (Off:0 Def:3)",-32,19,0,0,0,4,1610612738,1610612744,1628369,NA,NA,27,16,1700000
"0042100405","NBA",2,175,"10:23","[BOS] Williams 3pt Shot: Missed",148,232,3,0,1,2,1610612738,1610612738,1629684,NA,NA,27,16,1710000
"0042100405","NBA",2,176,"10:20","[BOS] Brown Rebound (Off:1 Def:2)",148,232,1,0,0,4,1610612738,1610612738,1627759,NA,NA,27,16,1720000
"0042100405","NBA",2,177,"10:18","[GSW] Green Foul: Shooting (2 PF) (2 FTA) (T Brothers)",-42,42,0,0,2,6,1610612744,1610612738,203110,NA,1629057,27,16,1730000
"0042100405","NBA",2,179,"10:18","[BOS 17-27] Williams III Free Throw 1 of 2 (5 PTS)",0,-80,1,0,11,3,1610612738,1610612738,1629057,NA,NA,27,17,1750000
"0042100405","NBA",2,180,"10:18","[BOS 18-27] Williams III Free Throw 2 of 2 (6 PTS)",0,-80,1,0,12,3,1610612738,1610612738,1629057,NA,NA,27,18,1760000
"0042100405","NBA",2,181,"10:09","[GSW 30-18] Poole 3pt Shot: Made (3 PTS)",48,250,3,0,80,1,1610612744,1610612744,1629673,NA,NA,30,18,1770000
"0042100405","NBA",2,182,"09:59","[BOS] Tatum Turnover : Bad Pass (2 TO) Steal:Green (1 ST)",82,304,1,0,1,5,1610612738,1610612738,1628369,NA,203110,30,18,1780000
"0042100405","NBA",2,184,"09:57","[BOS] Williams III Foul: Shooting (2 PF) (2 FTA) (T Brothers)",58,19,0,0,2,6,1610612738,1610612744,1629057,NA,203110,30,18,1800000
"0042100405","NBA",2,186,"09:57","[GSW 31-18] Green Free Throw 1 of 2 (5 PTS)",0,-80,1,1,11,3,1610612744,1610612744,203110,NA,NA,31,18,1820000
"0042100405","NBA",2,187,"09:57","[BOS] Pritchard Substitution replaced by Smart",0,-80,0,0,0,8,1610612738,1610612744,1630202,203935,NA,31,18,1830000
"0042100405","NBA",2,188,"09:57","[BOS] Williams Substitution replaced by White",0,-80,0,0,0,8,1610612738,1610612744,1629684,1628401,NA,31,18,1840000
"0042100405","NBA",2,191,"09:57","[GSW 32-18] Green Free Throw 2 of 2 (6 PTS)",0,-80,1,1,12,3,1610612744,1610612744,203110,NA,NA,32,18,1870000
"0042100405","NBA",2,192,"09:39","[BOS 20-32] Smart Driving Floating Jump Shot: Made (2 PTS) Assist: White (2 AST)",-13,89,2,0,101,1,1610612738,1610612738,203935,1628401,NA,32,20,1880000
"0042100405","NBA",2,194,"09:22","[GSW] Poole Turnover : Bad Pass (1 TO) Steal:White (1 ST)",-145,220,1,0,1,5,1610612744,1610612744,1629673,NA,1628401,32,20,1900000
"0042100405","NBA",2,196,"09:12","[BOS] White 3pt Shot: Missed",18,256,3,0,1,2,1610612738,1610612738,1628401,NA,NA,32,20,1920000
"0042100405","NBA",2,197,"09:11","[BOS] Team Rebound",18,256,1,0,0,4,1610612738,1610612738,0,NA,NA,32,20,1930000
"0042100405","NBA",2,198,"09:11","[GSW] Poole Foul: Loose Ball (1 PF) (J Tiven)",-5,93,0,0,3,6,1610612744,1610612738,1629673,NA,203935,32,20,1940000
"0042100405","NBA",2,200,"09:02","[BOS 22-32] Tatum Jump Shot: Made (8 PTS) Assist: White (3 AST)",-175,89,2,0,1,1,1610612738,1610612738,1628369,1628401,NA,32,22,1960000
"0042100405","NBA",2,202,"08:47","[GSW] Thompson Fadeaway Jump Shot: Missed",4,105,2,0,63,2,1610612744,1610612744,202691,NA,NA,32,22,1980000
"0042100405","NBA",2,203,"08:44","[BOS] Smart Rebound (Off:0 Def:1)",4,105,0,0,0,4,1610612738,1610612744,203935,NA,NA,32,22,1990000
"0042100405","NBA",2,204,"08:37","[BOS 24-32] Smart Pullup Jump shot: Made (4 PTS)",2,96,2,0,79,1,1610612738,1610612738,203935,NA,NA,32,24,2000000
"0042100405","NBA",2,205,"08:36","[GSW] Team Timeout : Regular",0,-80,0,0,1,9,1610612744,1610612744,1610612744,NA,NA,32,24,2010000
"0042100405","NBA",2,206,"08:36","[GSW] Bjelica Substitution replaced by Payton II",0,-80,0,0,0,8,1610612744,1610612744,202357,1627780,NA,32,24,2020000
"0042100405","NBA",2,208,"08:23","[GSW] Wiggins Pullup Jump shot: Missed",-6,184,2,0,79,2,1610612744,1610612744,203952,NA,NA,32,24,2040000
"0042100405","NBA",2,209,"08:21","[BOS] Tatum Rebound (Off:0 Def:4)",-6,184,0,0,0,4,1610612738,1610612744,1628369,NA,NA,32,24,2050000
"0042100405","NBA",2,210,"07:59","[BOS] Tatum 3pt Shot: Missed",-25,297,3,0,80,2,1610612738,1610612738,1628369,NA,NA,32,24,2060000
"0042100405","NBA",2,211,"07:56","[GSW] Payton II Rebound (Off:0 Def:3)",-25,297,0,0,0,4,1610612744,1610612738,1627780,NA,NA,32,24,2070000
"0042100405","NBA",2,212,"07:47","[GSW] Payton II 3pt Shot: Missed",-169,193,3,0,1,2,1610612744,1610612744,1627780,NA,NA,32,24,2080000
"0042100405","NBA",2,213,"07:45","[BOS] Williams III Rebound (Off:2 Def:1)",-169,193,0,0,0,4,1610612738,1610612744,1629057,NA,NA,32,24,2090000
"0042100405","NBA",2,214,"07:33","[BOS 26-32] Williams III Layup Shot: Made (8 PTS) Assist: Smart (1 AST)",38,15,2,0,5,1,1610612738,1610612738,1629057,203935,NA,32,26,2100000
"0042100405","NBA",2,216,"07:20","[GSW] Wiggins Driving Layup Shot: Missed",40,0,2,0,6,2,1610612744,1610612744,203952,NA,NA,32,26,2120000
"0042100405","NBA",2,217,"07:17","[BOS] Brown Rebound (Off:1 Def:3)",40,0,0,0,0,4,1610612738,1610612744,1627759,NA,NA,32,26,2130000
"0042100405","NBA",2,218,"07:02","[BOS] Smart 3pt Shot: Missed",-199,192,3,0,1,2,1610612738,1610612738,203935,NA,NA,32,26,2140000
"0042100405","NBA",2,219,"07:00","[GSW] Wiggins Rebound (Off:0 Def:5)",-199,192,0,0,0,4,1610612744,1610612738,203952,NA,NA,32,26,2150000
"0042100405","NBA",2,220,"06:52","[GSW] Thompson 3pt Shot: Missed",-151,192,3,0,79,2,1610612744,1610612744,202691,NA,NA,32,26,2160000
"0042100405","NBA",2,221,"06:49","[BOS] Tatum Rebound (Off:0 Def:5)",-151,192,0,0,0,4,1610612738,1610612744,1628369,NA,NA,32,26,2170000
"0042100405","NBA",2,222,"06:43","[GSW] Wiggins Violation:Kicked Ball (M Davis)",0,-80,0,0,5,7,1610612744,1610612738,203952,NA,NA,32,26,2180000
"0042100405","NBA",2,223,"06:43","[GSW] Poole Substitution replaced by Porter Jr.",0,-80,0,0,0,8,1610612744,1610612738,1629673,203490,NA,32,26,2190000
"0042100405","NBA",2,224,"06:43","[GSW] Wiggins Substitution replaced by Curry",0,-80,0,0,0,8,1610612744,1610612738,203952,201939,NA,32,26,2200000
"0042100405","NBA",2,225,"06:43","[BOS] Williams III Substitution replaced by Horford",0,-80,0,0,0,8,1610612738,1610612738,1629057,201143,NA,32,26,2210000
"0042100405","NBA",2,229,"06:40","[GSW] Thompson Foul: Personal (1 PF) (T Brothers)",113,176,0,0,1,6,1610612744,1610612738,202691,NA,1628401,32,26,2250000
"0042100405","NBA",2,231,"06:33","[BOS] Horford Turnover : Out of Bounds - Bad Pass Turnover (1 TO)",74,256,0,0,45,5,1610612738,1610612738,201143,NA,NA,32,26,2270000
"0042100405","NBA",2,232,"06:19","[BOS] Brown Foul: Personal (1 PF) (M Davis)",67,296,0,0,1,6,1610612738,1610612744,1627759,NA,203110,32,26,2280000
"0042100405","NBA",2,234,"06:08","[GSW] Porter Jr. 3pt Shot: Missed",-118,236,3,0,1,2,1610612744,1610612744,203490,NA,NA,32,26,2300000
"0042100405","NBA",2,235,"06:05","[BOS] Tatum Rebound (Off:0 Def:6)",-118,236,0,0,0,4,1610612738,1610612744,1628369,NA,NA,32,26,2310000
"0042100405","NBA",2,236,"05:51","[BOS] Tatum 3pt Shot: Missed",-240,10,3,0,1,2,1610612738,1610612738,1628369,NA,NA,32,26,2320000
"0042100405","NBA",2,237,"05:49","[GSW] Thompson Rebound (Off:0 Def:2)",-240,10,0,0,0,4,1610612744,1610612738,202691,NA,NA,32,26,2330000
"0042100405","NBA",2,238,"05:41","[GSW 34-26] Green Driving Floating Jump Shot: Made (8 PTS)",28,86,2,0,101,1,1610612744,1610612744,203110,NA,NA,34,26,2340000
"0042100405","NBA",2,239,"05:21","[BOS] Horford 3pt Shot: Missed",-239,4,3,0,1,2,1610612738,1610612738,201143,NA,NA,34,26,2350000
"0042100405","NBA",2,240,"05:19","[GSW] Porter Jr. Rebound (Off:0 Def:2)",-239,4,0,0,0,4,1610612744,1610612738,203490,NA,NA,34,26,2360000
"0042100405","NBA",2,241,"05:12","[GSW] Curry 3pt Shot: Missed",74,283,3,1,79,2,1610612744,1610612744,201939,NA,NA,34,26,2370000
"0042100405","NBA",2,242,"05:10","[BOS] Tatum Rebound (Off:0 Def:7)",74,283,0,0,0,4,1610612738,1610612744,1628369,NA,NA,34,26,2380000
"0042100405","NBA",2,307,"05:07","[BOS] Brown Turnover : Out of Bounds Lost Ball Turnover (2 TO)",-80,16,0,0,40,5,1610612738,1610612738,1627759,NA,NA,34,26,2385000
"0042100405","NBA",2,245,"05:06","[GSW] Thompson Substitution replaced by Wiggins",0,-80,0,0,0,8,1610612744,1610612744,202691,203952,NA,34,26,2410000
"0042100405","NBA",2,249,"04:54","Stoppage: Out-of-Bounds",0,-80,0,0,3,20,0,1610612744,0,NA,NA,34,26,2450000
"0042100405","NBA",2,250,"04:54","[GSW] Green Substitution replaced by Iguodala",0,-80,0,0,0,8,1610612744,1610612744,203110,2738,NA,34,26,2460000
"0042100405","NBA",2,252,"04:49","[GSW 36-26] Wiggins Driving Floating Jump Shot: Made (9 PTS) Assist: Iguodala (1 AST)",47,88,2,0,101,1,1610612744,1610612744,203952,2738,NA,36,26,2480000
"0042100405","NBA",2,254,"04:49","[BOS] Horford Foul: Shooting (1 PF) (1 FTA) (J Tiven)",37,60,0,0,2,6,1610612738,1610612744,201143,NA,203952,36,26,2500000
"0042100405","NBA",2,256,"04:49","[GSW 37-26] Wiggins Free Throw 1 of 1 (10 PTS)",0,-80,1,0,10,3,1610612744,1610612744,203952,NA,NA,37,26,2520000
"0042100405","NBA",2,257,"04:34","[BOS 29-37] Tatum 3pt Shot: Made (11 PTS) Assist: Horford (1 AST)",-216,156,3,0,1,1,1610612738,1610612738,1628369,201143,NA,37,29,2530000
"0042100405","NBA",2,259,"04:14","Stoppage: Out-of-Bounds",0,-80,0,0,3,20,0,1610612744,0,NA,NA,37,29,2550000
"0042100405","NBA",2,260,"04:12","[GSW 39-29] Payton II Reverse Layup Shot: Made (7 PTS) Assist: Iguodala (2 AST)",38,15,2,0,44,1,1610612744,1610612744,1627780,2738,NA,39,29,2560000
"0042100405","NBA",2,262,"03:51","[BOS 32-39] Horford 3pt Shot: Made (5 PTS) Assist: Tatum (1 AST)",-207,184,3,0,1,1,1610612738,1610612738,201143,1628369,NA,39,32,2580000
"0042100405","NBA",2,264,"03:36","[BOS] Tatum Violation:Kicked Ball (M Davis)",0,-80,0,0,5,7,1610612738,1610612744,1628369,NA,NA,39,32,2600000
"0042100405","NBA",2,265,"03:36","[GSW] Iguodala Substitution replaced by Green",0,-80,0,0,0,8,1610612744,1610612744,2738,203110,NA,39,32,2610000
"0042100405","NBA",2,267,"03:24","[GSW 41-32] Wiggins Turnaround Fadeaway shot: Made (12 PTS)",120,133,2,0,86,1,1610612744,1610612744,203952,NA,NA,41,32,2630000
"0042100405","NBA",2,268,"03:11","[GSW] Porter Jr. Foul: Shooting (1 PF) (2 FTA) (M Davis)",7,59,1,0,2,6,1610612744,1610612738,203490,NA,1628369,41,32,2640000
"0042100405","NBA",2,270,"03:11","[BOS] Tatum Free Throw 1 of 2 Missed",0,-80,2,0,11,3,1610612738,1610612738,1628369,NA,NA,41,32,2660000
"0042100405","NBA",2,271,"03:11","[BOS] Team Rebound",0,-80,1,0,1,4,1610612738,1610612738,0,NA,NA,41,32,2660001
"0042100405","NBA",2,272,"03:11","[BOS] Tatum Free Throw 2 of 2 Missed",0,-80,2,0,12,3,1610612738,1610612738,1628369,NA,NA,41,32,2680000
"0042100405","NBA",2,273,"03:10","[GSW] Wiggins Rebound (Off:0 Def:6)",0,-80,0,0,0,4,1610612744,1610612738,203952,NA,NA,41,32,2680001
"0042100405","NBA",2,274,"02:59","[GSW] Wiggins Driving Floating Jump Shot: Missed",9,62,2,0,101,2,1610612744,1610612744,203952,NA,NA,41,32,2700000
"0042100405","NBA",2,275,"02:57","[GSW] Wiggins Rebound (Off:1 Def:6)",9,62,1,0,0,4,1610612744,1610612744,203952,NA,NA,41,32,2710000
"0042100405","NBA",2,276,"02:54","[GSW] Wiggins Tip Layup Shot: Missed",0,0,2,0,97,2,1610612744,1610612744,203952,NA,NA,41,32,2720000
"0042100405","NBA",2,277,"02:53","[GSW] Green Rebound (Off:1 Def:3)",0,0,1,0,0,4,1610612744,1610612744,203110,NA,NA,41,32,2730000
"0042100405","NBA",2,278,"02:50","[GSW 43-32] Wiggins Layup Shot: Made (14 PTS) Assist: Green (3 AST)",31,8,2,0,5,1,1610612744,1610612744,203952,203110,NA,43,32,2740000
"0042100405","NBA",2,280,"02:34","[BOS 35-43] Smart 3pt Shot: Made (7 PTS) Assist: Brown (2 AST)",-202,192,3,0,1,1,1610612738,1610612738,203935,1627759,NA,43,35,2760000
"0042100405","NBA",2,282,"02:18","[BOS] Smart Foul: Shooting (1 PF) (2 FTA) (J Tiven)",-40,35,0,0,2,6,1610612738,1610612744,203935,NA,201939,43,35,2780000
"0042100405","NBA",2,284,"02:18","[BOS] Team Timeout : Regular",0,-80,0,0,1,9,1610612738,1610612744,1610612738,NA,NA,43,35,2800000
"0042100405","NBA",2,286,"02:18","[GSW] Porter Jr. Substitution replaced by Thompson",0,-80,0,0,0,8,1610612744,1610612744,203490,202691,NA,43,35,2810000
"0042100405","NBA",2,288,"02:18","[GSW 44-35] Curry Free Throw 1 of 2 (5 PTS)",0,-80,1,0,11,3,1610612744,1610612744,201939,NA,NA,44,35,2830000
"0042100405","NBA",2,289,"02:18","[GSW 45-35] Curry Free Throw 2 of 2 (6 PTS)",0,-80,1,0,12,3,1610612744,1610612744,201939,NA,NA,45,35,2840000
"0042100405","NBA",2,290,"01:58","[BOS] Brown Step Back Jump shot: Missed",-124,176,2,0,80,2,1610612738,1610612738,1627759,NA,NA,45,35,2850000
"0042100405","NBA",2,291,"01:56","[BOS] Team Rebound",-124,176,1,0,0,4,1610612738,1610612738,0,NA,NA,45,35,2860000
"0042100405","NBA",2,292,"01:56","[GSW] Payton II Foul: Loose Ball (1 PF) (2 FTA) (J Tiven)",-64,35,1,0,3,6,1610612744,1610612738,1627780,NA,201143,45,35,2870000
"0042100405","NBA",2,294,"01:56","[BOS] Horford Free Throw 1 of 2 Missed",0,-80,2,0,11,3,1610612738,1610612738,201143,NA,NA,45,35,2890000
"0042100405","NBA",2,295,"01:56","[BOS] Team Rebound",0,-80,1,0,1,4,1610612738,1610612738,0,NA,NA,45,35,2890001
"0042100405","NBA",2,296,"01:56","[BOS 36-45] Horford Free Throw 2 of 2 (6 PTS)",0,-80,1,0,12,3,1610612738,1610612738,201143,NA,NA,45,36,2910000
"0042100405","NBA",2,297,"01:46","[GSW 47-36] Curry Step Back Jump shot: Made (8 PTS)",-164,-9,2,0,80,1,1610612744,1610612744,201939,NA,NA,47,36,2920000
"0042100405","NBA",2,298,"01:33","[BOS 38-47] Tatum Driving Layup Shot: Made (13 PTS)",50,38,2,0,6,1,1610612738,1610612738,1628369,NA,NA,47,38,2930000
"0042100405","NBA",2,299,"01:19","[GSW] Curry 3pt Shot: Missed",-179,187,3,0,80,2,1610612744,1610612744,201939,NA,NA,47,38,2940000
"0042100405","NBA",2,300,"01:17","[BOS] Horford Rebound (Off:1 Def:3)",-179,187,0,0,0,4,1610612738,1610612744,201143,NA,NA,47,38,2950000
"0042100405","NBA",2,301,"00:59.7","[BOS] Brown Turnover : Bad Pass (3 TO) Steal:Payton II (1 ST)",-93,33,1,0,1,5,1610612738,1610612738,1627759,NA,1627780,47,38,2960000
"0042100405","NBA",2,303,"00:53.5","[GSW 49-38] Wiggins Cutting Layup Shot: Made (16 PTS) Assist: Curry (2 AST)",45,13,2,1,98,1,1610612744,1610612744,203952,201939,NA,49,38,2980000
"0042100405","NBA",2,305,"00:37.1","[GSW] Curry Foul: Shooting (1 PF) (2 FTA) (J Tiven)",-4,108,1,0,2,6,1610612744,1610612738,201939,NA,1628401,49,38,3000000
"0042100405","NBA",2,308,"00:37.1","[BOS] White Free Throw 1 of 2 Missed",0,-80,2,0,11,3,1610612738,1610612738,1628401,NA,NA,49,38,3020000
"0042100405","NBA",2,309,"00:37.1","[BOS] Team Rebound",0,-80,1,0,1,4,1610612738,1610612738,0,NA,NA,49,38,3020001
"0042100405","NBA",2,310,"00:37.1","[BOS 39-49] White Free Throw 2 of 2 (1 PTS)",0,-80,1,0,12,3,1610612738,1610612738,1628401,NA,NA,49,39,3040000
"0042100405","NBA",2,311,"00:30.1","[GSW 51-39] Curry Driving Finger Roll Layup Shot: Made (10 PTS)",38,13,2,0,75,1,1610612744,1610612744,201939,NA,NA,51,39,3050000
"0042100405","NBA",2,312,"00:12.2","[BOS] Smart Turnover : Out of Bounds - Bad Pass Turnover (2 TO)",-116,96,0,0,45,5,1610612738,1610612738,203935,NA,NA,51,39,3060000
"0042100405","NBA",2,313,"00:12.2","[GSW] Payton II Substitution replaced by Poole",0,-80,0,0,0,8,1610612744,1610612744,1627780,1629673,NA,51,39,3070000
"0042100405","NBA",2,315,"00:02.6","[GSW] Green 3pt Shot: Missed",225,36,3,0,1,2,1610612744,1610612744,203110,NA,NA,51,39,3090000
"0042100405","NBA",2,316,"00:00.3","[BOS] Tatum Rebound (Off:0 Def:8)",225,36,0,0,0,4,1610612738,1610612744,1628369,NA,NA,51,39,3100000
"0042100405","NBA",2,317,"00:00.0","End Period",0,-80,0,0,0,13,0,1610612738,0,NA,NA,51,39,3110000
"0042100405","NBA",3,323,"12:00","Start Period",0,-80,0,0,0,12,0,1610612738,0,NA,NA,51,39,3160000
"0042100405","NBA",3,324,"11:42","[GSW] Thompson Foul: Shooting (2 PF) (2 FTA) (J Tiven)",43,98,0,0,2,6,1610612744,1610612738,202691,NA,1627759,51,39,3170000
"0042100405","NBA",3,326,"11:42","[BOS 40-51] Brown Free Throw 1 of 2 (5 PTS)",0,-80,1,0,11,3,1610612738,1610612738,1627759,NA,NA,51,40,3190000
"0042100405","NBA",3,327,"11:42","[BOS 41-51] Brown Free Throw 2 of 2 (6 PTS)",0,-80,1,0,12,3,1610612738,1610612738,1627759,NA,NA,51,41,3200000
"0042100405","NBA",3,328,"11:35","[GSW] Green Turnover : Bad Pass (2 TO) Steal:Brown (1 ST)",-143,297,1,0,1,5,1610612744,1610612744,203110,NA,1627759,51,41,3210000
"0042100405","NBA",3,330,"11:33","[GSW] Thompson Foul: Shooting (3 PF) (2 FTA) (M Davis)",51,12,0,0,2,6,1610612744,1610612738,202691,NA,1627759,51,41,3230000
"0042100405","NBA",3,332,"11:33","[BOS 42-51] Brown Free Throw 1 of 2 (7 PTS)",0,-80,1,1,11,3,1610612738,1610612738,1627759,NA,NA,51,42,3250000
"0042100405","NBA",3,333,"11:33","[BOS 43-51] Brown Free Throw 2 of 2 (8 PTS)",0,-80,1,1,12,3,1610612738,1610612738,1627759,NA,NA,51,43,3260000
"0042100405","NBA",3,334,"11:09","[GSW] Team Turnover : Shot Clock Turnover",240,72,0,0,11,5,1610612744,1610612744,0,NA,NA,51,43,3270000
"0042100405","NBA",3,335,"10:56","[BOS 46-51] Tatum 3pt Shot: Made (16 PTS)",-190,155,3,0,79,1,1610612738,1610612738,1628369,NA,NA,51,46,3280000
"0042100405","NBA",3,336,"10:43","[BOS] Smart Foul: Personal (2 PF) (M Davis)",158,141,0,0,1,6,1610612738,1610612744,203935,NA,201939,51,46,3290000
"0042100405","NBA",3,338,"10:33","[GSW] Wiggins Step Back Jump shot: Missed",24,143,2,0,80,2,1610612744,1610612744,203952,NA,NA,51,46,3310000
"0042100405","NBA",3,339,"10:30","[BOS] Brown Rebound (Off:1 Def:4)",24,143,0,0,0,4,1610612738,1610612744,1627759,NA,NA,51,46,3320000
"0042100405","NBA",3,340,"10:17","[BOS 49-51] Tatum 3pt Shot: Made (19 PTS) Assist: Brown (3 AST)",-75,247,3,0,1,1,1610612738,1610612738,1628369,1627759,NA,51,49,3330000
"0042100405","NBA",3,342,"10:15","[GSW] Team Timeout : Regular",0,-80,0,0,1,9,1610612744,1610612744,1610612744,NA,NA,51,49,3350000
"0042100405","NBA",3,344,"10:05","[GSW] Curry Foul: Offensive (2 PF)",-199,46,0,0,4,6,1610612744,1610612744,201939,NA,201143,51,49,3370000
"0042100405","NBA",3,346,"10:05","[GSW] Curry Turnover : Offensive Foul Turnover (1 TO)",-199,46,0,0,37,5,1610612744,1610612744,201939,NA,NA,51,49,3390000
"0042100405","NBA",3,347,"09:47","[BOS] Smart Pullup Jump shot: Missed",12,92,2,0,79,2,1610612738,1610612738,203935,NA,NA,51,49,3400000
"0042100405","NBA",3,348,"09:44","[GSW] Curry Rebound (Off:0 Def:3)",12,92,0,0,0,4,1610612744,1610612738,201939,NA,NA,51,49,3410000
"0042100405","NBA",3,349,"09:40","[GSW] Thompson 3pt Shot: Missed",189,197,3,1,2,2,1610612744,1610612744,202691,NA,NA,51,49,3420000
"0042100405","NBA",3,350,"09:38","[BOS] Horford Rebound (Off:1 Def:4)",189,197,0,0,0,4,1610612738,1610612744,201143,NA,NA,51,49,3430000
"0042100405","NBA",3,351,"09:32","[GSW] Porter Jr. Foul: Personal (2 PF) (T Brothers)",157,170,0,0,1,6,1610612744,1610612738,203490,NA,1628369,51,49,3440000
"0042100405","NBA",3,353,"09:27","[BOS] Brown Pullup Jump shot: Missed",-44,170,2,0,79,2,1610612738,1610612738,1627759,NA,NA,51,49,3460000
"0042100405","NBA",3,354,"09:25","[GSW] Green Rebound (Off:1 Def:4)",-44,170,0,0,0,4,1610612744,1610612738,203110,NA,NA,51,49,3470000
"0042100405","NBA",3,355,"09:10","[GSW] Porter Jr. 3pt Shot: Missed",205,153,3,0,1,2,1610612744,1610612744,203490,NA,NA,51,49,3480000
"0042100405","NBA",3,356,"09:08","[BOS] Smart Rebound (Off:0 Def:2)",205,153,0,0,0,4,1610612738,1610612744,203935,NA,NA,51,49,3490000
"0042100405","NBA",3,357,"08:46","[BOS] Tatum Turnover : Lost Ball (3 TO) Steal:Curry (2 ST)",-77,70,1,0,2,5,1610612738,1610612738,1628369,NA,201939,51,49,3500000
"0042100405","NBA",3,359,"08:38","[GSW 53-49] Thompson Driving Floating Jump Shot: Made (7 PTS) Assist: Green (4 AST)",-137,115,2,0,101,1,1610612744,1610612744,202691,203110,NA,53,49,3520000
"0042100405","NBA",3,361,"08:14","[BOS] Smart Turnaround Jump Shot: Missed",-1,67,2,0,47,2,1610612738,1610612738,203935,NA,NA,53,49,3540000
"0042100405","NBA",3,362,"08:11","[GSW] Curry Rebound (Off:0 Def:4)",-1,67,0,0,0,4,1610612744,1610612738,201939,NA,NA,53,49,3550000
"0042100405","NBA",3,363,"08:08","[GSW] Curry 3pt Shot: Missed",1,316,3,1,103,2,1610612744,1610612744,201939,NA,NA,53,49,3560000
"0042100405","NBA",3,364,"08:06","[BOS] Tatum Rebound (Off:0 Def:9)",1,316,0,0,0,4,1610612738,1610612744,1628369,NA,NA,53,49,3570000
"0042100405","NBA",3,365,"07:52","[BOS 52-53] Tatum 3pt Shot: Made (22 PTS)",-99,231,3,0,79,1,1610612738,1610612738,1628369,NA,NA,53,52,3580000
"0042100405","NBA",3,366,"07:32","[BOS] Brown Foul: Personal (2 PF) (J Tiven)",126,114,0,0,1,6,1610612738,1610612744,1627759,NA,203952,53,52,3590000
"0042100405","NBA",3,368,"07:32","[GSW] Porter Jr. Substitution replaced by Looney",0,-80,0,0,0,8,1610612744,1610612744,203490,1626172,NA,53,52,3610000
"0042100405","NBA",3,370,"07:24","[GSW] Curry Driving Layup Shot: Missed",-47,35,2,0,6,2,1610612744,1610612744,201939,NA,NA,53,52,3630000
"0042100405","NBA",3,371,"07:22","[BOS] Horford Rebound (Off:1 Def:5)",-47,35,0,0,0,4,1610612738,1610612744,201143,NA,NA,53,52,3640000
"0042100405","NBA",3,372,"07:18","[BOS] Horford Turnover : Bad Pass (2 TO) Steal:Thompson (1 ST)",-107,254,1,0,1,5,1610612738,1610612738,201143,NA,202691,53,52,3650000
"0042100405","NBA",3,374,"07:15","[BOS] Smart Foul: Shooting (3 PF) (2 FTA) (T Brothers)",6,58,0,0,2,6,1610612738,1610612744,203935,NA,202691,53,52,3670000
"0042100405","NBA",3,376,"07:15","[GSW 54-52] Thompson Free Throw 1 of 2 (8 PTS)",0,-80,1,1,11,3,1610612744,1610612744,202691,NA,NA,54,52,3690000
"0042100405","NBA",3,377,"07:15","[GSW 55-52] Thompson Free Throw 2 of 2 (9 PTS)",0,-80,1,1,12,3,1610612744,1610612744,202691,NA,NA,55,52,3700000
"0042100405","NBA",3,378,"07:10","[GSW] Wiggins Foul: Personal (1 PF) (M Davis)",-54,555,0,0,1,6,1610612744,1610612738,203952,NA,1628369,55,52,3710000
"0042100405","NBA",3,380,"06:55","[BOS 55-55] Smart 3pt Shot: Made (10 PTS) Assist: Brown (4 AST)",4,254,3,0,1,1,1610612738,1610612738,203935,1627759,NA,55,55,3730000
"0042100405","NBA",3,382,"06:39","[GSW] Wiggins 3pt Shot: Missed",-205,180,3,0,1,2,1610612744,1610612744,203952,NA,NA,55,55,3750000
"0042100405","NBA",3,383,"06:36","[BOS] Williams III Rebound (Off:2 Def:2)",-205,180,0,0,0,4,1610612738,1610612744,1629057,NA,NA,55,55,3760000
"0042100405","NBA",3,384,"06:28","[BOS 58-55] Horford 3pt Shot: Made (9 PTS) Assist: Tatum (2 AST)",11,252,3,0,1,1,1610612738,1610612738,201143,1628369,NA,55,58,3770000
"0042100405","NBA",3,386,"06:27","[GSW] Team Timeout : Regular",0,-80,0,0,1,9,1610612744,1610612744,1610612744,NA,NA,55,58,3790000
"0042100405","NBA",3,387,"06:27","[GSW] Green Substitution replaced by Payton II",0,-80,0,0,0,8,1610612744,1610612744,203110,1627780,NA,55,58,3800000
"0042100405","NBA",3,389,"06:06","[GSW 57-58] Curry Driving Floating Jump Shot: Made (12 PTS) Assist: Looney (1 AST)",83,41,2,0,101,1,1610612744,1610612744,201939,1626172,NA,57,58,3820000
"0042100405","NBA",3,391,"05:49","[BOS] Smart 3pt Shot: Missed",-188,161,3,0,1,2,1610612738,1610612738,203935,NA,NA,57,58,3840000
"0042100405","NBA",3,392,"05:46","[BOS] Williams III Rebound (Off:3 Def:2)",-188,161,1,0,0,4,1610612738,1610612738,1629057,NA,NA,57,58,3850000
"0042100405","NBA",3,393,"05:43","[BOS 61-57] Smart 3pt Shot: Made (13 PTS) Assist: Tatum (3 AST)",-235,61,3,0,1,1,1610612738,1610612738,203935,1628369,NA,57,61,3860000
"0042100405","NBA",3,395,"05:30","[GSW] Wiggins 3pt Shot: Missed",164,215,3,0,1,2,1610612744,1610612744,203952,NA,NA,57,61,3880000
"0042100405","NBA",3,396,"05:27","[GSW] Looney Rebound (Off:1 Def:0)",164,215,1,0,0,4,1610612744,1610612744,1626172,NA,NA,57,61,3890000
"0042100405","NBA",3,397,"05:25","[GSW 59-61] Looney Tip Layup Shot: Made (2 PTS)",0,0,2,0,97,1,1610612744,1610612744,1626172,NA,NA,59,61,3900000
"0042100405","NBA",3,398,"05:14","[BOS] Tatum Driving Floating Jump Shot: Missed",11,65,2,0,101,2,1610612738,1610612738,1628369,NA,NA,59,61,3910000
"0042100405","NBA",3,399,"05:12","[BOS] Brown Rebound (Off:2 Def:4)",11,65,1,0,0,4,1610612738,1610612738,1627759,NA,NA,59,61,3920000
"0042100405","NBA",3,400,"05:10","[BOS 63-59] Brown Tip Layup Shot: Made (10 PTS)",0,0,2,0,97,1,1610612738,1610612738,1627759,NA,NA,59,63,3930000
"0042100405","NBA",3,401,"04:58","[GSW 61-63] Payton II Layup Shot: Made (9 PTS) Assist: Curry (3 AST)",38,31,2,0,5,1,1610612744,1610612744,1627780,201939,NA,61,63,3940000
"0042100405","NBA",3,403,"04:55","Stoppage: Out-of-Bounds",0,-80,0,0,3,20,0,1610612738,0,NA,NA,61,63,3960000
"0042100405","NBA",3,404,"04:55","[BOS] Horford Substitution replaced by Williams",0,-80,0,0,0,8,1610612738,1610612738,201143,1629684,NA,61,63,3970000
"0042100405","NBA",3,406,"04:53","[BOS] Williams Turnover : Bad Pass (1 TO) Steal:Payton II (2 ST)",-163,18,1,0,1,5,1610612738,1610612738,1629684,NA,1627780,61,63,3990000
"0042100405","NBA",3,408,"04:49","[GSW] Curry 3pt Shot: Missed",-110,298,3,1,103,2,1610612744,1610612744,201939,NA,NA,61,63,4010000
"0042100405","NBA",3,409,"04:47","[BOS] Tatum Rebound (Off:0 Def:10)",-110,298,0,0,0,4,1610612738,1610612744,1628369,NA,NA,61,63,4020000
"0042100405","NBA",3,410,"04:37","[BOS] Williams Foul: Offensive (2 PF)",-113,198,0,0,4,6,1610612738,1610612738,1629684,NA,1627780,61,63,4030000
"0042100405","NBA",3,412,"04:37","[BOS] Williams Turnover : Offensive Foul Turnover (2 TO)",-113,198,0,0,37,5,1610612738,1610612738,1629684,NA,NA,61,63,4050000
"0042100405","NBA",3,413,"04:20","[GSW] Payton II 3pt Shot: Missed",-230,32,3,0,1,2,1610612744,1610612744,1627780,NA,NA,61,63,4060000
"0042100405","NBA",3,414,"04:18","[BOS] Williams III Rebound (Off:3 Def:3)",-230,32,0,0,0,4,1610612738,1610612744,1629057,NA,NA,61,63,4070000
"0042100405","NBA",3,415,"04:09","[BOS] Smart Turnover : Out of Bounds - Bad Pass Turnover (3 TO)",145,270,0,0,45,5,1610612738,1610612738,203935,NA,NA,61,63,4080000
"0042100405","NBA",3,416,"03:58","[GSW] Curry 3pt Shot: Missed",-152,279,3,0,79,2,1610612744,1610612744,201939,NA,1629684,61,63,4090000
"0042100405","NBA",3,418,"03:55","[BOS] Williams III Rebound (Off:3 Def:4)",-152,279,0,0,0,4,1610612738,1610612744,1629057,NA,NA,61,63,4110000
"0042100405","NBA",3,419,"03:55","[BOS 65-61] Williams Running Layup Shot: Made (2 PTS) Assist: Williams III (2 AST)",-22,19,2,1,41,1,1610612738,1610612738,1629684,1629057,NA,61,65,4120000
"0042100405","NBA",3,421,"03:55","[GSW] Looney Foul: Shooting (4 PF) (1 FTA) (T Brothers)",-29,21,1,0,2,6,1610612744,1610612738,1626172,NA,1629684,61,65,4140000
"0042100405","NBA",3,423,"03:55","[BOS 66-61] Williams Free Throw 1 of 1 (3 PTS)",0,-80,1,1,10,3,1610612738,1610612738,1629684,NA,NA,61,66,4160000
"0042100405","NBA",3,424,"03:36","[GSW 64-66] Thompson 3pt Shot: Made (12 PTS) Assist: Looney (2 AST)",-118,252,3,0,1,1,1610612744,1610612744,202691,1626172,NA,64,66,4170000
"0042100405","NBA",3,426,"03:14","[BOS] Tatum 3pt Shot: Missed",-213,124,3,0,1,2,1610612738,1610612738,1628369,NA,NA,64,66,4190000
"0042100405","NBA",3,427,"03:12","[GSW] Looney Rebound (Off:1 Def:1)",-213,124,0,0,0,4,1610612744,1610612738,1626172,NA,NA,64,66,4200000
"0042100405","NBA",3,428,"03:07","[GSW] Thompson Turnover : Out of Bounds - Bad Pass Turnover (1 TO)",147,129,0,0,45,5,1610612744,1610612744,202691,NA,NA,64,66,4210000
"0042100405","NBA",3,429,"03:07","[GSW] Looney Substitution replaced by Green",0,-80,0,0,0,8,1610612744,1610612738,1626172,203110,NA,64,66,4220000
"0042100405","NBA",3,431,"02:44","[BOS 68-64] Smart Driving Layup Shot: Made (15 PTS) Assist: Tatum (4 AST)",51,51,2,0,6,1,1610612738,1610612738,203935,1628369,NA,64,68,4240000
"0042100405","NBA",3,433,"02:31","[GSW 67-68] Thompson 3pt Shot: Made (15 PTS) Assist: Curry (4 AST)",-18,302,3,0,1,1,1610612744,1610612744,202691,201939,NA,67,68,4260000
"0042100405","NBA",3,435,"02:05","[BOS 70-67] Williams III Dunk Shot: Made (10 PTS) Assist: Williams (1 AST)",1,13,2,0,7,1,1610612738,1610612738,1629057,1629684,NA,67,70,4280000
"0042100405","NBA",3,437,"01:57","[GSW] Curry Pullup Jump shot: Missed",32,194,2,1,79,2,1610612744,1610612744,201939,NA,NA,67,70,4300000
"0042100405","NBA",3,438,"01:54","[BOS] Team Rebound",32,194,0,0,0,4,1610612738,1610612744,0,NA,NA,67,70,4310000
"0042100405","NBA",3,439,"01:54","Stoppage: Out-of-Bounds",0,-80,0,0,3,20,0,1610612738,0,NA,NA,67,70,4320000
"0042100405","NBA",3,440,"01:54","[GSW] Wiggins Substitution replaced by Poole",0,-80,0,0,0,8,1610612744,1610612738,203952,1629673,NA,67,70,4330000
"0042100405","NBA",3,442,"01:38","[GSW] Thompson Foul: Personal (4 PF) (2 FTA) (T Brothers)",-124,210,1,0,1,6,1610612744,1610612738,202691,NA,203935,67,70,4350000
"0042100405","NBA",3,444,"01:38","[BOS] Smart Free Throw 1 of 2 Missed",0,-80,2,0,11,3,1610612738,1610612738,203935,NA,NA,67,70,4370000
"0042100405","NBA",3,445,"01:38","[BOS] Team Rebound",0,-80,1,0,1,4,1610612738,1610612738,0,NA,NA,67,70,4370001
"0042100405","NBA",3,446,"01:38","[GSW] Thompson Substitution replaced by Wiggins",0,-80,0,0,0,8,1610612744,1610612738,202691,203952,NA,67,70,4390000
"0042100405","NBA",3,448,"01:38","[BOS 71-67] Smart Free Throw 2 of 2 (16 PTS)",0,-80,1,0,12,3,1610612738,1610612738,203935,NA,NA,67,71,4410000
"0042100405","NBA",3,449,"01:25","[BOS] Tatum Foul: Personal (2 PF) (J Tiven)",-176,62,0,0,1,6,1610612738,1610612744,1628369,NA,201939,67,71,4420000
"0042100405","NBA",3,451,"01:20","[GSW 70-71] Poole 3pt Shot: Made (6 PTS) Assist: Curry (5 AST)",-234,77,3,0,1,1,1610612744,1610612744,1629673,201939,NA,70,71,4440000
"0042100405","NBA",3,453,"00:59.6","[BOS] Tatum Fadeaway Jump Shot: Missed",-112,3,2,0,63,2,1610612738,1610612738,1628369,NA,NA,70,71,4460000
"0042100405","NBA",3,454,"00:56.6","[GSW] Green Rebound (Off:1 Def:5)",-112,3,0,0,0,4,1610612744,1610612738,203110,NA,NA,70,71,4470000
"0042100405","NBA",3,455,"00:54.4","[GSW 72-71] Payton II Running Layup Shot: Made (11 PTS) Assist: Green (5 AST)",20,36,2,1,41,1,1610612744,1610612744,1627780,203110,NA,72,71,4480000
"0042100405","NBA",3,457,"00:41.8","[BOS 73-72] Brown Driving Layup Shot: Made (12 PTS)",-33,8,2,0,6,1,1610612738,1610612738,1627759,NA,NA,72,73,4500000
"0042100405","NBA",3,458,"00:41.8","[GSW] Green Foul: Shooting (3 PF) (1 FTA) (J Tiven)",-32,13,1,0,2,6,1610612744,1610612738,203110,NA,1627759,72,73,4510000
"0042100405","NBA",3,460,"00:41.8","[BOS] Williams III Substitution replaced by Horford",0,-80,0,0,0,8,1610612738,1610612738,1629057,201143,NA,72,73,4530000
"0042100405","NBA",3,462,"00:41.8","[BOS] Smart Substitution replaced by White",0,-80,0,0,0,8,1610612738,1610612738,203935,1628401,NA,72,73,4550000
"0042100405","NBA",3,464,"00:41.8","[BOS 74-72] Brown Free Throw 1 of 1 (13 PTS)",0,-80,1,0,10,3,1610612738,1610612738,1627759,NA,NA,72,74,4570000
"0042100405","NBA",3,465,"00:29.8","[GSW] Poole 3pt Shot: Missed",-53,269,3,0,80,2,1610612744,1610612744,1629673,NA,NA,72,74,4580000
"0042100405","NBA",3,466,"00:27.6","[BOS] Williams Rebound (Off:0 Def:3)",-53,269,0,0,0,4,1610612738,1610612744,1629684,NA,NA,72,74,4590000
"0042100405","NBA",3,467,"00:05.8","[BOS] Brown 3pt Shot: Missed",32,251,3,0,79,2,1610612738,1610612738,1627759,NA,NA,72,74,4600000
"0042100405","NBA",3,468,"00:03.5","[GSW] Wiggins Rebound (Off:1 Def:7)",32,251,0,0,0,4,1610612744,1610612738,203952,NA,NA,72,74,4610000
"0042100405","NBA",3,469,"00:00.1","[GSW 75-74] Poole 3pt Shot: Made (9 PTS) Assist: Wiggins (2 AST)",-228,304,3,0,66,1,1610612744,1610612744,1629673,203952,NA,75,74,4620000
"0042100405","NBA",3,471,"00:00.0","End Period",0,-80,0,0,0,13,0,1610612738,0,NA,NA,75,74,4640000
"0042100405","NBA",3,472,"00:00.0","Instant Replay - Support Ruling",0,-80,0,0,0,18,0,1610612738,0,NA,NA,75,74,4650000
"0042100405","NBA",4,477,"12:00","Start Period",0,-80,0,0,0,12,0,1610612744,0,NA,NA,75,74,4700000
"0042100405","NBA",4,478,"11:51","[GSW] Poole 3pt Shot: Missed",-173,243,3,0,79,2,1610612744,1610612744,1629673,NA,NA,75,74,4710000
"0042100405","NBA",4,479,"11:49","[BOS] Team Rebound",-173,243,0,0,0,4,1610612738,1610612744,0,NA,NA,75,74,4720000
"0042100405","NBA",4,480,"11:49","Stoppage: Out-of-Bounds",0,-80,0,0,3,20,0,1610612738,0,NA,NA,75,74,4730000
"0042100405","NBA",4,481,"11:30","[BOS] Tatum Driving Layup Shot: Missed",-45,41,2,0,6,2,1610612738,1610612738,1628369,NA,NA,75,74,4740000
"0042100405","NBA",4,482,"11:27","[GSW] Wiggins Rebound (Off:1 Def:8)",-45,41,0,0,0,4,1610612744,1610612738,203952,NA,NA,75,74,4750000
"0042100405","NBA",4,483,"11:23","[GSW 77-74] Wiggins Driving Layup Shot: Made (18 PTS)",-32,42,2,0,6,1,1610612744,1610612744,203952,NA,NA,77,74,4760000
"0042100405","NBA",4,484,"11:02","[BOS] White 3pt Shot: Missed",168,219,3,0,80,2,1610612738,1610612738,1628401,NA,NA,77,74,4770000
"0042100405","NBA",4,485,"10:59","[GSW] Wiggins Rebound (Off:1 Def:9)",168,219,0,0,0,4,1610612744,1610612738,203952,NA,NA,77,74,4780000
"0042100405","NBA",4,486,"10:52","[GSW] Wiggins 3pt Shot: Missed",53,263,3,0,1,2,1610612744,1610612744,203952,NA,NA,77,74,4790000
"0042100405","NBA",4,487,"10:49","[BOS] White Rebound (Off:0 Def:1)",53,263,0,0,0,4,1610612738,1610612744,1628401,NA,NA,77,74,4800000
"0042100405","NBA",4,488,"10:41","[BOS] White 3pt Shot: Missed",-196,154,3,0,1,2,1610612738,1610612738,1628401,NA,NA,77,74,4810000
"0042100405","NBA",4,489,"10:39","[GSW] Looney Rebound (Off:1 Def:2)",-196,154,0,0,0,4,1610612744,1610612738,1626172,NA,NA,77,74,4820000
"0042100405","NBA",4,490,"10:24","[BOS] White Foul: Shooting (1 PF) (2 FTA) (J Tiven)",-56,42,0,0,2,6,1610612738,1610612744,1628401,NA,1629673,77,74,4830000
"0042100405","NBA",4,492,"10:24","[GSW 78-74] Poole Free Throw 1 of 2 (10 PTS)",0,-80,1,0,11,3,1610612744,1610612744,1629673,NA,NA,78,74,4850000
"0042100405","NBA",4,495,"10:24","[GSW 79-74] Poole Free Throw 2 of 2 (11 PTS)",0,-80,1,0,12,3,1610612744,1610612744,1629673,NA,NA,79,74,4855000
"0042100405","NBA",4,493,"10:24","[BOS] White Substitution replaced by Smart",0,-80,0,0,0,8,1610612738,1610612738,1628401,203935,NA,79,74,4860000
"0042100405","NBA",4,496,"10:15","[BOS] Smart Driving Layup Shot: Missed",-49,17,2,0,6,2,1610612738,1610612738,203935,NA,NA,79,74,4875000
"0042100405","NBA",4,497,"10:14","[GSW] Thompson Rebound (Off:0 Def:3)",-49,17,0,0,0,4,1610612744,1610612738,202691,NA,NA,79,74,4877500
"0042100405","NBA",4,498,"10:12","[BOS] Williams Foul: Personal Take (3 PF) (M Davis)",116,515,0,0,28,6,1610612738,1610612744,1629684,NA,202691,79,74,4910000
"0042100405","NBA",4,500,"10:01","[GSW] Thompson 3pt Shot: Missed",-173,224,3,0,1,2,1610612744,1610612744,202691,NA,NA,79,74,4930000
"0042100405","NBA",4,501,"09:59","[BOS] Horford Rebound (Off:1 Def:6)",-173,224,0,0,0,4,1610612738,1610612744,201143,NA,NA,79,74,4940000
"0042100405","NBA",4,502,"09:49","[BOS] Tatum Turnover : Traveling (4 TO)",83,-2,0,0,4,5,1610612738,1610612738,1628369,NA,NA,79,74,4950000
"0042100405","NBA",4,503,"09:31","[GSW 82-74] Thompson 3pt Shot: Made (18 PTS)",-208,166,3,0,79,1,1610612744,1610612744,202691,NA,NA,82,74,4960000
"0042100405","NBA",4,504,"09:30","[BOS] Team Timeout : Regular",0,-80,0,0,1,9,1610612738,1610612738,1610612738,NA,NA,82,74,4970000
"0042100405","NBA",4,505,"09:30","[BOS] Williams Substitution replaced by Williams III",0,-80,0,0,0,8,1610612738,1610612738,1629684,1629057,NA,82,74,4980000
"0042100405","NBA",4,507,"09:16","[GSW] Green Foul: Personal (4 PF) (T Brothers)",192,203,0,0,1,6,1610612744,1610612738,203110,NA,1627759,82,74,5000000
"0042100405","NBA",4,509,"09:16","[BOS] Smart Technical (1 FTA) (J Tiven)",0,-80,0,0,11,6,1610612738,1610612738,203935,NA,NA,82,74,5020000
"0042100405","NBA",4,510,"09:16","[GSW 83-74] Poole Free Throw Technical (12 PTS)",0,-80,1,0,16,3,1610612744,1610612738,1629673,NA,NA,83,74,5030000
"0042100405","NBA",4,511,"09:15","[BOS] Smart Foul: Offensive (5 PF)",164,210,0,0,4,6,1610612738,1610612738,203935,NA,1629673,83,74,5040000
"0042100405","NBA",4,513,"09:15","[BOS] Smart Turnover : Offensive Foul Turnover (4 TO)",164,210,0,0,37,5,1610612738,1610612738,203935,NA,NA,83,74,5060000
"0042100405","NBA",4,514,"09:15","[BOS] Team Violation : Delay Of Game (T Brothers)",0,-80,0,0,1,7,1610612738,1610612744,0,NA,NA,83,74,5070000
"0042100405","NBA",4,515,"09:05","[GSW 85-74] Poole Pullup Jump shot: Made (14 PTS)",147,124,2,0,79,1,1610612744,1610612744,1629673,NA,NA,85,74,5080000
"0042100405","NBA",4,516,"08:50","[BOS] Brown 3pt Shot: Missed",141,236,3,0,80,2,1610612738,1610612738,1627759,NA,NA,85,74,5090000
"0042100405","NBA",4,517,"08:48","[GSW] Wiggins Rebound (Off:1 Def:10)",141,236,0,0,0,4,1610612744,1610612738,203952,NA,NA,85,74,5100000
"0042100405","NBA",4,518,"08:33","[GSW] Looney Reverse Layup Shot: Missed",47,15,2,0,44,2,1610612744,1610612744,1626172,NA,NA,85,74,5110000
"0042100405","NBA",4,519,"08:31","[BOS] Brown Rebound (Off:2 Def:5)",47,15,0,0,0,4,1610612738,1610612744,1627759,NA,NA,85,74,5120000
"0042100405","NBA",4,520,"08:21","[BOS 76-85] Brown Driving Finger Roll Layup Shot: Made (15 PTS) Assist: Smart (2 AST)",5,21,2,0,75,1,1610612738,1610612738,1627759,203935,NA,85,76,5130000
"0042100405","NBA",4,522,"08:05","[GSW] Poole Driving Finger Roll Layup Shot: Missed",21,25,2,0,75,2,1610612744,1610612744,1629673,NA,NA,85,76,5150000
"0042100405","NBA",4,523,"08:03","[BOS] Horford Rebound (Off:1 Def:7)",21,25,0,0,0,4,1610612738,1610612744,201143,NA,NA,85,76,5160000
"0042100405","NBA",4,525,"07:44","[GSW] Green Foul: Shooting (5 PF) (2 FTA) (M Davis)",47,18,0,0,2,6,1610612744,1610612738,203110,NA,1628369,85,76,5180000
"0042100405","NBA",4,527,"07:44","[BOS 77-85] Tatum Free Throw 1 of 2 (23 PTS)",0,-80,1,0,11,3,1610612738,1610612738,1628369,NA,NA,85,77,5200000
"0042100405","NBA",4,528,"07:44","[GSW] Team Timeout : Regular",0,-80,0,0,1,9,1610612744,1610612738,1610612744,NA,NA,85,77,5210000
"0042100405","NBA",4,530,"07:44","[GSW] Poole Substitution replaced by Payton II",0,-80,0,0,0,8,1610612744,1610612738,1629673,1627780,NA,85,77,5220000
"0042100405","NBA",4,531,"07:44","[GSW] Green Substitution replaced by Curry",0,-80,0,0,0,8,1610612744,1610612738,203110,201939,NA,85,77,5230000
"0042100405","NBA",4,534,"07:44","[BOS 78-85] Tatum Free Throw 2 of 2 (24 PTS)",0,-80,1,0,12,3,1610612738,1610612738,1628369,NA,NA,85,78,5260000
"0042100405","NBA",4,535,"07:26","[GSW 87-78] Wiggins Driving Layup Shot: Made (20 PTS) Assist: Curry (6 AST)",-18,41,2,0,6,1,1610612744,1610612744,203952,201939,NA,87,78,5270000
"0042100405","NBA",4,537,"07:00","[BOS] Brown Turnover : Lost Ball (4 TO) Steal:Payton II (3 ST)",113,156,1,0,2,5,1610612738,1610612738,1627759,NA,1627780,87,78,5290000
"0042100405","NBA",4,539,"06:50","[GSW] Curry Pullup Jump shot: Missed",127,84,2,0,79,2,1610612744,1610612744,201939,NA,NA,87,78,5310000
"0042100405","NBA",4,540,"06:48","[BOS] Brown Rebound (Off:2 Def:6)",127,84,0,0,0,4,1610612738,1610612744,1627759,NA,NA,87,78,5320000
"0042100405","NBA",4,541,"06:34","[BOS] Brown Turnover : Bad Pass (5 TO) Steal:Thompson (2 ST)",-87,63,1,0,1,5,1610612738,1610612738,1627759,NA,202691,87,78,5330000
"0042100405","NBA",4,543,"06:24","[GSW] Curry 3pt Shot: Missed",83,285,3,0,1,2,1610612744,1610612744,201939,NA,NA,87,78,5350000
"0042100405","NBA",4,544,"06:22","[BOS] Smart Rebound (Off:0 Def:3)",83,285,0,0,0,4,1610612738,1610612744,203935,NA,NA,87,78,5360000
"0042100405","NBA",4,545,"06:07","[BOS] Brown Driving Layup Shot: Missed",-7,39,2,0,6,2,1610612738,1610612738,1627759,NA,NA,87,78,5370000
"0042100405","NBA",4,546,"06:06","[BOS] Brown Rebound (Off:3 Def:6)",-7,39,1,0,0,4,1610612738,1610612738,1627759,NA,NA,87,78,5380000
"0042100405","NBA",4,547,"06:06","[GSW] Looney Foul: Personal (5 PF) (J Tiven)",-1,46,0,0,1,6,1610612744,1610612738,1626172,NA,1627759,87,78,5390000
"0042100405","NBA",4,549,"05:58","[BOS] Tatum Step Back Jump shot: Missed",2,123,2,0,80,2,1610612738,1610612738,1628369,NA,NA,87,78,5410000
"0042100405","NBA",4,550,"05:56","[GSW] Payton II Rebound (Off:0 Def:4)",2,123,0,0,0,4,1610612744,1610612738,1627780,NA,NA,87,78,5420000
"0042100405","NBA",4,551,"05:38","[GSW 89-78] Wiggins Driving Hook Shot: Made (22 PTS) Assist: Curry (7 AST)",61,83,2,0,57,1,1610612744,1610612744,203952,201939,NA,89,78,5430000
"0042100405","NBA",4,553,"05:28","[GSW] Payton II Foul: Shooting (2 PF) (2 FTA) (M Davis)",-60,24,0,0,2,6,1610612744,1610612738,1627780,NA,1627759,89,78,5450000
"0042100405","NBA",4,555,"05:28","[BOS 79-89] Brown Free Throw 1 of 2 (16 PTS)",0,-80,1,0,11,3,1610612738,1610612738,1627759,NA,NA,89,79,5470000
"0042100405","NBA",4,556,"05:28","[BOS] Brown Free Throw 2 of 2 Missed",0,-80,2,0,12,3,1610612738,1610612738,1627759,NA,NA,89,79,5480000
"0042100405","NBA",4,557,"05:26","[GSW] Looney Rebound (Off:1 Def:3)",0,-80,0,0,0,4,1610612744,1610612738,1626172,NA,NA,89,79,5480001
"0042100405","NBA",4,558,"05:15","Stoppage: Out-of-Bounds",0,-80,0,0,3,20,0,1610612744,0,NA,NA,89,79,5500000
"0042100405","NBA",4,559,"05:10","[GSW] Thompson 3pt Shot: Missed",229,-6,3,0,1,2,1610612744,1610612744,202691,NA,NA,89,79,5510000
"0042100405","NBA",4,560,"05:08","[BOS] Williams III Rebound (Off:3 Def:5)",229,-6,0,0,0,4,1610612738,1610612744,1629057,NA,NA,89,79,5520000
"0042100405","NBA",4,561,"05:00","[GSW] Wiggins Foul: Shooting (2 PF) (2 FTA) (T Brothers)",-10,7,1,0,2,6,1610612744,1610612738,203952,NA,1628369,89,79,5530000
"0042100405","NBA",4,564,"05:00","[BOS] Tatum Free Throw 1 of 2 Missed",0,-80,2,0,11,3,1610612738,1610612738,1628369,NA,NA,89,79,5550000
"0042100405","NBA",4,565,"05:00","[BOS] Team Rebound",0,-80,1,0,1,4,1610612738,1610612738,0,NA,NA,89,79,5550001
"0042100405","NBA",4,566,"05:00","[GSW] Looney Substitution replaced by Green",0,-80,0,0,0,8,1610612744,1610612738,1626172,203110,NA,89,79,5570000
"0042100405","NBA",4,568,"05:00","[BOS] Tatum Free Throw 2 of 2 Missed",0,-80,2,0,12,3,1610612738,1610612738,1628369,NA,NA,89,79,5590000
"0042100405","NBA",4,569,"04:58","[GSW] Wiggins Rebound (Off:1 Def:11)",0,-80,0,0,0,4,1610612744,1610612738,203952,NA,NA,89,79,5590001
"0042100405","NBA",4,570,"04:46","[GSW 91-79] Curry Floating Jump shot: Made (14 PTS) Assist: Green (6 AST)",-6,116,2,0,78,1,1610612744,1610612744,201939,203110,NA,91,79,5610000
"0042100405","NBA",4,572,"04:40","[BOS] Team Timeout : Regular",0,-80,0,0,1,9,1610612738,1610612738,1610612738,NA,NA,91,79,5630000
"0042100405","NBA",4,573,"04:27","[BOS] Brown 3pt Shot: Missed",-201,171,3,0,1,2,1610612738,1610612738,1627759,NA,NA,91,79,5640000
"0042100405","NBA",4,574,"04:25","[GSW] Wiggins Rebound (Off:1 Def:12)",-201,171,0,0,0,4,1610612744,1610612738,203952,NA,NA,91,79,5650000
"0042100405","NBA",4,575,"04:08","[GSW] Curry 3pt Shot: Missed",-189,208,3,0,1,2,1610612744,1610612744,201939,NA,NA,91,79,5660000
"0042100405","NBA",4,576,"04:05","[BOS] Horford Rebound (Off:1 Def:8)",-189,208,0,0,0,4,1610612738,1610612744,201143,NA,NA,91,79,5670000
"0042100405","NBA",4,577,"03:57","[BOS] Tatum Turnaround Fadeaway shot: Missed",-74,70,2,0,86,2,1610612738,1610612738,1628369,NA,NA,91,79,5680000
"0042100405","NBA",4,578,"03:54","[GSW] Green Rebound (Off:1 Def:6)",-74,70,0,0,0,4,1610612744,1610612738,203110,NA,NA,91,79,5690000
"0042100405","NBA",4,579,"03:50","[BOS] Tatum Foul: Personal (3 PF) (T Brothers)",59,103,0,0,1,6,1610612738,1610612744,1628369,NA,1627780,91,79,5700000
"0042100405","NBA",4,581,"03:42","[GSW 93-79] Wiggins Driving Floating Jump Shot: Made (24 PTS)",33,88,2,0,101,1,1610612744,1610612744,203952,NA,NA,93,79,5720000
"0042100405","NBA",4,583,"03:27","[BOS 82-93] Tatum 3pt Shot: Made (27 PTS)",-21,243,3,0,79,1,1610612738,1610612738,1628369,NA,NA,93,82,5740000
"0042100405","NBA",4,584,"03:12","[GSW 95-82] Payton II Floating Jump shot: Made (13 PTS) Assist: Curry (8 AST)",13,98,2,0,78,1,1610612744,1610612744,1627780,201939,NA,95,82,5750000
"0042100405","NBA",4,586,"03:01","[GSW] Green Foul: Shooting (6 PF) (2 FTA) (T Brothers)",-66,15,1,0,2,6,1610612744,1610612738,203110,NA,203935,95,82,5770000
"0042100405","NBA",4,588,"03:01","[GSW] Team Timeout : Regular",0,-80,0,0,1,9,1610612744,1610612738,1610612744,NA,NA,95,82,5790000
"0042100405","NBA",4,589,"03:01","Instant Replay - Challenge - Support Ruling",0,-80,0,0,4,18,1610612744,1610612738,0,NA,NA,95,82,5800000
"0042100405","NBA",4,590,"03:01","[GSW] Green Substitution replaced by Looney",0,-80,0,0,0,8,1610612744,1610612738,203110,1626172,NA,95,82,5810000
"0042100405","NBA",4,591,"03:01","[BOS] Horford Substitution replaced by White",0,-80,0,0,0,8,1610612738,1610612738,201143,1628401,NA,95,82,5820000
"0042100405","NBA",4,592,"03:01","[BOS] Williams III Substitution replaced by Williams",0,-80,0,0,0,8,1610612738,1610612738,1629057,1629684,NA,95,82,5830000
"0042100405","NBA",4,597,"03:01","[BOS 83-95] Smart Free Throw 1 of 2 (17 PTS)",0,-80,1,0,11,3,1610612738,1610612738,203935,NA,NA,95,83,5880000
"0042100405","NBA",4,598,"03:01","[BOS 84-95] Smart Free Throw 2 of 2 (18 PTS)",0,-80,1,0,12,3,1610612738,1610612738,203935,NA,NA,95,84,5890000
"0042100405","NBA",4,599,"02:43","[GSW 97-84] Curry Driving Finger Roll Layup Shot: Made (16 PTS)",-48,42,2,0,75,1,1610612744,1610612744,201939,NA,NA,97,84,5900000
"0042100405","NBA",4,600,"02:27","[BOS] Tatum 3pt Shot: Missed",20,257,3,0,80,2,1610612738,1610612738,1628369,NA,NA,97,84,5910000
"0042100405","NBA",4,601,"02:25","[GSW] Team Rebound",20,257,0,0,0,4,1610612744,1610612738,0,NA,NA,97,84,5920000
"0042100405","NBA",4,602,"02:25","Stoppage: Out-of-Bounds",0,-80,0,0,3,20,0,1610612744,0,NA,NA,97,84,5930000
"0042100405","NBA",4,603,"02:10","[GSW 99-84] Wiggins Driving Dunk Shot: Made (26 PTS)",45,56,2,0,9,1,1610612744,1610612744,203952,NA,NA,99,84,5940000
"0042100405","NBA",4,605,"01:58","[GSW] Payton II Foul: Shooting (3 PF) (2 FTA) (J Tiven)",-66,50,1,0,2,6,1610612744,1610612738,1627780,NA,1627759,99,84,5960000
"0042100405","NBA",4,607,"01:58","[BOS 85-99] Brown Free Throw 1 of 2 (17 PTS)",0,-80,1,0,11,3,1610612738,1610612738,1627759,NA,NA,99,85,5980000
"0042100405","NBA",4,608,"01:58","[BOS 86-99] Brown Free Throw 2 of 2 (18 PTS)",0,-80,1,0,12,3,1610612738,1610612738,1627759,NA,NA,99,86,5990000
"0042100405","NBA",4,609,"01:45","[GSW 102-86] Thompson 3pt Shot: Made (21 PTS) Assist: Looney (3 AST)",229,43,3,0,79,1,1610612744,1610612744,202691,1626172,NA,102,86,6000000
"0042100405","NBA",4,611,"01:36","[BOS 88-102] Smart Driving Layup Shot: Made (20 PTS)",-44,20,2,0,6,1,1610612738,1610612738,203935,NA,NA,102,88,6020000
"0042100405","NBA",4,612,"01:21","[GSW] Curry 3pt Shot: Missed",174,211,3,0,79,2,1610612744,1610612744,201939,NA,NA,102,88,6030000
"0042100405","NBA",4,613,"01:19","[GSW] Payton II Rebound (Off:1 Def:4)",174,211,1,0,0,4,1610612744,1610612744,1627780,NA,NA,102,88,6040000
"0042100405","NBA",4,614,"01:19","[GSW 104-88] Payton II Tip Layup Shot: Made (15 PTS)",0,0,2,0,97,1,1610612744,1610612744,1627780,NA,NA,104,88,6050000
"0042100405","NBA",4,615,"01:19","[BOS] Team Timeout : Regular",0,-80,0,0,1,9,1610612738,1610612738,1610612738,NA,NA,104,88,6060000
"0042100405","NBA",4,616,"01:19","[GSW] Payton II Substitution replaced by Lee",0,-80,0,0,0,8,1610612744,1610612738,1627780,1627814,NA,104,88,6070000
"0042100405","NBA",4,617,"01:19","[GSW] Thompson Substitution replaced by Moody",0,-80,0,0,0,8,1610612744,1610612738,202691,1630541,NA,104,88,6080000
"0042100405","NBA",4,618,"01:19","[GSW] Wiggins Substitution replaced by Kuminga",0,-80,0,0,0,8,1610612744,1610612738,203952,1630228,NA,104,88,6090000
"0042100405","NBA",4,619,"01:19","[GSW] Curry Substitution replaced by Toscano-Anderson",0,-80,0,0,0,8,1610612744,1610612738,201939,1629308,NA,104,88,6100000
"0042100405","NBA",4,620,"01:19","[GSW] Looney Substitution replaced by Bjelica",0,-80,0,0,0,8,1610612744,1610612738,1626172,202357,NA,104,88,6110000
"0042100405","NBA",4,621,"01:19","[BOS] Tatum Substitution replaced by Morgan",0,-80,0,0,0,8,1610612738,1610612738,1628369,1629752,NA,104,88,6120000
"0042100405","NBA",4,622,"01:19","[BOS] Brown Substitution replaced by Hauser",0,-80,0,0,0,8,1610612738,1610612738,1627759,1630573,NA,104,88,6130000
"0042100405","NBA",4,623,"01:19","[BOS] Smart Substitution replaced by Stauskas",0,-80,0,0,0,8,1610612738,1610612738,203935,203917,NA,104,88,6140000
"0042100405","NBA",4,624,"01:19","[BOS] White Substitution replaced by Kornet",0,-80,0,0,0,8,1610612738,1610612738,1628401,1628436,NA,104,88,6150000
"0042100405","NBA",4,625,"01:19","[BOS] Williams Substitution replaced by Nesmith",0,-80,0,0,0,8,1610612738,1610612738,1629684,1630174,NA,104,88,6160000
"0042100405","NBA",4,636,"01:10","[GSW] Toscano-Anderson Foul: Personal (1 PF) (2 FTA) (J Tiven)",-47,201,1,0,1,6,1610612744,1610612738,1629308,NA,1630174,104,88,6270000
"0042100405","NBA",4,638,"01:10","[BOS] Nesmith Free Throw 1 of 2 Missed",0,-80,2,0,11,3,1610612738,1610612738,1630174,NA,NA,104,88,6290000
"0042100405","NBA",4,639,"01:10","[BOS] Team Rebound",0,-80,1,0,1,4,1610612738,1610612738,0,NA,NA,104,88,6290001
"0042100405","NBA",4,640,"01:10","[BOS 89-104] Nesmith Free Throw 2 of 2 (1 PTS)",0,-80,1,0,12,3,1610612738,1610612738,1630174,NA,NA,104,89,6310000
"0042100405","NBA",4,641,"00:56.8","[GSW] Lee 3pt Shot: Missed",-71,276,3,0,79,2,1610612744,1610612744,1627814,NA,NA,104,89,6320000
"0042100405","NBA",4,642,"00:54.4","[BOS] Kornet Rebound (Off:0 Def:1)",-71,276,0,0,0,4,1610612738,1610612744,1628436,NA,NA,104,89,6330000
"0042100405","NBA",4,643,"00:41.9","[BOS] Nesmith 3pt Shot: Missed",-185,178,3,0,1,2,1610612738,1610612738,1630174,NA,NA,104,89,6340000
"0042100405","NBA",4,644,"00:38.0","[BOS] Nesmith Rebound (Off:1 Def:0)",-185,178,1,0,0,4,1610612738,1610612738,1630174,NA,NA,104,89,6350000
"0042100405","NBA",4,645,"00:37.2","[GSW] Toscano-Anderson Foul: Personal (2 PF) (2 FTA) (J Tiven)",-62,39,1,0,1,6,1610612744,1610612738,1629308,NA,1630174,104,89,6360000
"0042100405","NBA",4,647,"00:37.2","[BOS 90-104] Nesmith Free Throw 1 of 2 (2 PTS)",0,-80,1,0,11,3,1610612738,1610612738,1630174,NA,NA,104,90,6380000
"0042100405","NBA",4,648,"00:37.2","[BOS 91-104] Nesmith Free Throw 2 of 2 (3 PTS)",0,-80,1,0,12,3,1610612738,1610612738,1630174,NA,NA,104,91,6390000
"0042100405","NBA",4,649,"00:22.0","[GSW] Kuminga Driving Floating Jump Shot: Missed",34,72,2,0,101,2,1610612744,1610612744,1630228,NA,NA,104,91,6400000
"0042100405","NBA",4,650,"00:19.3","[BOS] Morgan Rebound (Off:0 Def:1)",34,72,0,0,0,4,1610612738,1610612744,1629752,NA,NA,104,91,6410000
"0042100405","NBA",4,651,"00:14.5","[BOS 94-104] Kornet 3pt Shot: Made (3 PTS) Assist: Hauser (1 AST)",-235,23,3,1,1,1,1610612738,1610612738,1628436,1630573,NA,104,94,6420000
"0042100405","NBA",4,653,"00:00.0","End Period",0,-80,0,0,0,13,0,1610612744,0,NA,NA,104,94,6440000
"0042100405","NBA",4,654,"00:00.0","Game End",0,-80,0,0,0,0,0,0,0,NA,NA,104,94,6450000
